{"modelling":{"comment":"p_value=0.00024, score=25, e_value=1.9, ss_score=10.2, prob=83.2","short_method":"X-ray","pred_lddt":0.3950000107,"trg_seq":"MNIFKKILATVAMAAMTSSAFAVANPSYEDVKAAIDNTLAKVEEAKAALDNGANNEAVIDLVTDARQLQKDIANNVLDLKRNQASNVLKQARAALQSNEPQS--AKESLTDALNRYKEIKQLYASNH","ProMod":null,"id":"732c773bd495d18038c62f7eb6ecd4c9c2a95361","QMean":{"local_scores":{"A":[null,null,null,null,null,null,null,null,null,null,null,null,null,null,null,null,null,null,null,null,null,null,null,null,null,null,null,null,null,null,null,null,null,null,0.7867905867,0.7874393206,0.7743827772,0.7765623793,0.7791223223,0.8965391716,0.8255184429,0.8559069044,0.8256258668,0.8222106402,0.8891543165,0.7882040981,0.8535261578,0.8222782661,0.7021534003,0.7540979798,0.7405923167,0.7399977185,0.7446031158,0.6679718769,0.5982101312,0.5471225798,0.733543417,0.7083508762,0.6977508893,0.7538013931,0.711527585,0.8123766519,0.8377499328,0.8127699815,0.8630288961,0.7424874949,0.7562534407,0.7503387927,0.7173801525,0.6782904365,0.7183852745,0.6431859349,0.6874031396,0.5852041421,0.4880300726,0.4869882674,0.4509602646,0.5325412285,0.5793321006,0.6679395988,0.6434251515,0.6897363005,0.674036662,0.800514671,0.8355666077,0.8209243372,0.8577306565,0.8469326108,0.8381695904,0.8192253716,0.9112843939,0.7852434829,0.869816055,0.8480718522,0.736482752,0.7086134082,0.7473864794,0.6845517871,0.6673461419,0.69326636,0.6419604183,0.6506313848,0.743080426,0.6684178976,0.7267367505,0.8681177398,0.8200024804,0.9141154285,0.9259044046,0.9871328854,0.9252294251,0.948554774,0.8411713163,0.854272559,0.8328931973,0.77607053,0.694264318,0.7221387964,0.6950659564,0.5662547795,0.5661438082]},"global_scores_norm":{},"global_scores":{"solvation":1.4089391091,"ss_agreement":-0.5351366766,"ss_agreement_norm":0.5910289592,"qmean4_norm":0.7787087859,"cbeta_norm":-0.0144706868,"cbeta":-0.2450409186,"all_atom_norm":-0.0578186448,"qmean6_norm":0.7446243216,"all_atom":2.6784421049,"torsion_norm":-0.2101227925,"QMEAN4":-0.3009829482,"solvation_norm":-0.9371185602,"acc_agreement_norm":0.6436781609,"acc_agreement":-0.0502169066,"qmean6":-0.7110499364,"torsion":-0.7781984595}},"chain":"A","assembly_id":1,"seq_id":17.0731716156,"SPDBV":null,"pdb_id":"2spc","score":0.939345777,"MODELLER":null,"method":"X-RAY DIFFRACTION","description":"SPECTRIN","seq_sim":0.2804866135,"tpl_seq":"----------------------------------AESWMSAREAFLNADDDANAGGNVEALIKKHEDFDKAIN-----GHEQKIAALQTVADQLIAQNHYASNLVDEKRKQVLERWRHLKEGL----","oligo_state":"homo-dimer","coverage":0.6560000181,"offset":14,"found_by":"HHblits","endtime":"11-07-17 (19:46:24)","mod_engine":["ProMod3"],"title":"Modelling","ProMod3":{"version":"1.0.2"},"starttime":"11-07-17 (19:45:57)","resolution":1.7999999523}}