{"modelling":{"comment":"p_value=0.00074, score=24.9, e_value=7.1, ss_score=11.5, prob=72.6","short_method":"X-ray","pred_lddt":0.4040000141,"trg_seq":"MNIFKKILATVAMAAMTSSAFAVANPSYEDVKAAIDNTLAKVEEAKAALDNGANNEAVIDLVTDARQLQKDIA----NNVL-DLKRNQASNVLKQARAALQSNEPQSAKESLTDALNRYKEIKQLYASNH","ProMod":null,"id":"55ffd9965dfe8f4ba3c5af979ba297a5ad6077bf","QMean":{"local_scores":{"A":[null,null,null,null,null,null,null,null,null,null,null,null,null,null,null,null,null,null,null,null,null,null,null,0.4191939086,0.4425376502,0.6232084026,0.6057826881,0.5332225688,0.6581653627,0.7200867131,0.7225000259,0.7432625095,0.8531791804,0.847203648,0.803453105,0.847021657,0.8467235364,0.8580107184,0.8590753697,0.8998863375,0.8295088558,0.871552926,0.8090564285,0.8069324691,0.8603606415,0.7718313913,0.825846578,0.8131358348,0.6800723175,0.6986982512,0.6905877798,0.655452254,0.6950515364,0.7453868977,0.7450089644,0.7521290181,0.8498995276,0.8100542894,0.7759581996,0.8288683528,0.8282987661,0.8490364883,0.8374966783,0.8349464795,0.8715957649,0.7486649711,0.7672575972,0.7827976721,0.7119528575,0.7015837966,0.6901074908,0.6218790611,0.5410045779,0.3084796998,0.0783625784,0.0136061258,0.1982081582,0.3627632043,0.4471140767,0.4957537762,0.4954772261,0.6121763409,0.6114064111,0.6389825023,0.6825508109,0.7173737817,0.7112526806,0.639738338,0.6953375199,0.723196835,0.8159992546,0.7102555214,0.7836779234,0.7963282996,0.7712839554,0.7234276184,0.7186365375,0.6860832725,0.6985630083,0.6681771409,0.5748101479,0.6265799399,0.6583435424,0.6755810989,0.6798913082,0.7533680035,0.7747930232,0.8254245658,0.8316266047,0.8854515836,0.8660517784,0.8881607124,0.8028030484,0.8625669744,0.845319305,0.8205185102,0.7953968698,0.7792080976,0.7418371653,0.7248249038,0.6501217287,0.7768772943]},"global_scores_norm":{},"global_scores":{"solvation":1.1330393773,"ss_agreement":-0.2665013419,"ss_agreement_norm":0.6341726089,"qmean4_norm":0.6782308546,"cbeta_norm":-0.0041196883,"cbeta":-1.5337326619,"all_atom_norm":-0.0247148444,"qmean6_norm":0.696341327,"all_atom":-0.348264096,"torsion_norm":-0.054742066,"QMEAN4":-2.1612031578,"solvation_norm":-0.8700436988,"acc_agreement_norm":0.7070707071,"acc_agreement":1.0309550714,"qmean6":-1.5130287707,"torsion":-2.0311301422}},"chain":"A","assembly_id":1,"seq_id":10.4166669846,"SPDBV":null,"pdb_id":"3iqc","score":1.0862215757,"MODELLER":null,"method":"X-RAY DIFFRACTION","description":"Flagellar protein","seq_sim":0.2708365619,"tpl_seq":"-----------------------ESP-AKLIEMLYEGILRFSSQAKRCIENE-DIEKKIYYINRVTDIFTELLNILDYEKGGEVAVYLTGLYT-HQIKVLTQANVENDASKIDLVLNVARGLLEAWR---","oligo_state":"monomer","coverage":0.7680000067,"offset":22,"found_by":"HHblits","endtime":"11-07-17 (19:46:30)","mod_engine":["ProMod3"],"title":"Modelling","ProMod3":{"version":"1.0.2"},"starttime":"11-07-17 (19:45:57)","resolution":2.7000000477}}