{"modelling":{"comment":"p_value=0.0026, score=31.9, e_value=26, ss_score=5.6, prob=27.3","short_method":"X-ray","pred_lddt":0.0680000037,"trg_seq":"MNIIEFKSRFIELLGNVAKGVIFEHRFFELPSEQKPWFDTGLDIEAGDNFTSFAAGQTQFKDLPITLEPNFQLWFRIGQDGE------IFRGTRDSHSFTVAQSGRLYLGSYFPGEWSSKTGELATPDEVYDMVTGNLAVLLIRWQDDTLDGLKSLAENGDADNLIAMEIDRLVSPVITPEGWEYLWFTGPAEIYQSRELPAKESAICCHTHNDGGLLIKSISLPFKPNTRLRWSWKMDVLPSSVREDTLPTHDYLSIAVEFDNGQDITYYWSAELPPETVYRCPIPTWTARETHVVIRSGQQGLGEWFNEDRDVYQDYINAIGGAMPGNIVKVWLIAVSLFQHEEGVCQYADISFLNDDRVVPVQ","ProMod":null,"id":"318d344338b8bf4a2b1283c811ee23fa42b52ef8","QMean":{"local_scores":{"A":[null,null,null,null,null,null,null,null,null,null,null,null,null,null,null,null,null,null,null,null,null,null,null,null,null,null,null,null,null,null,null,null,null,0.3572381745,0.4606535769,0.6320759708,0.6134922495,0.7377003976,0.8090974973,0.863659397,0.9161665851,0.8458438059,0.8441205001,0.7355442042,0.6515125234,0.7062821235,0.7201606472,0.6857531143,0.7259505368,0.70933471,0.6919816954,0.6090201903,0.4648749223,0.5804379218,0.5829793304,0.5844708873,0.5881784275,0.5884927923,0.5297992307,0.4307405692,0.5054465526,0.5312627365,0.4732958908,0.4512592665,0.3312680585,0.3742990707,0.3735952944,0.4490573997,0.4373779916,0.4591785088,0.4302158264,0.5134834056,0.5561250776,0.564035827,0.6920741435,0.7315881729,0.7553666497,0.8012889909,0.6730777102,0.656577053,0.7545928288,0.6962964871,0.6401255656,0.6063644241,0.5404357633,0.5902509547,0.5267365756,0.4660270944,0.5339346776,0.5216040292,0.566608945,0.6812452444,0.7019953398,0.7629001949,0.6939981824,0.6958656654,0.6242639867,0.720224112,0.8598217763,0.7789618244,0.830127443,0.8135902324,0.7207161577,0.7259495123]},"global_scores_norm":{},"global_scores":{"solvation":-1.2165690092,"ss_agreement":-0.6028918379,"ss_agreement_norm":0.5276535095,"qmean4_norm":0.6411735608,"cbeta_norm":0.0027057022,"cbeta":-2.3109314885,"all_atom_norm":-0.0088784101,"qmean6_norm":0.629037187,"all_atom":-1.7723524787,"torsion_norm":-0.0785004797,"QMEAN4":-2.4039667736,"solvation_norm":-0.6029247504,"acc_agreement_norm":0.5915492958,"acc_agreement":-0.9198541285,"qmean6":-2.2155175791,"torsion":-1.3882320607}},"chain":"A","assembly_id":1,"seq_id":18.9655170441,"SPDBV":null,"pdb_id":"5ev7","score":0.2344577461,"MODELLER":null,"method":"X-RAY DIFFRACTION","description":"Conserved domain protein","seq_sim":0.2931102514,"tpl_seq":"---------------------------------FSPYEPTGIYVKPDEEVVIQVEGT-----------Q--QIKAYIGTYSYEKEGPKQFNLHPGENKISSSNGGLLYFY----------------------------------------------------------------------------------------------------------------------------------------------------------------------------------------------------------------------------------------------------------------","oligo_state":"monomer","coverage":0.1611111164,"offset":39,"found_by":"HHblits","endtime":"14-07-17 (21:50:29)","mod_engine":["ProMod3"],"title":"Modelling","ProMod3":{"version":"1.0.2"},"starttime":"14-07-17 (21:49:44)","resolution":2.3509998322}}