{"modelling":{"comment":"p_value=0.0034, score=23, e_value=30, ss_score=4.9, prob=27","short_method":"X-ray","pred_lddt":0.0829999968,"trg_seq":"MIQETIVITQNSSGVAHIAPMGIHIIAKDGVYAASQPGAGAAAEAQDEFIILPFRPSTTLNNLLESKTAVINYCDDVRVFAGCLTGRRDWPLKPAEKINGQVLACALAHTEVELVRVEDDETRPKLFCKAVHTANHAPFRGFNRAQYSVLEAAILISRLNMIPLEKIQAEIDYLRIGLEKTAGDRE-LEAWGWLMTVIENHIATEGVYA--GNLPGADSAIAKEAVHAVNLPGTGAAKAGINS","ProMod":null,"id":"c5ed54eecd612b51a12f25b73b7a8c93bb878a69","QMean":{"local_scores":{"A":[null,null,null,null,null,null,null,null,null,null,null,null,null,null,null,null,null,null,null,null,null,null,null,null,null,null,null,null,null,null,null,null,null,null,null,null,null,null,null,null,null,null,null,null,null,null,null,null,null,null,null,null,null,null,null,null,null,null,null,null,null,null,null,null,null,null,null,null,null,null,null,null,null,null,null,null,null,null,null,null,null,null,null,null,null,null,null,null,null,null,null,null,null,null,null,null,null,null,null,null,null,null,null,null,null,null,null,null,null,null,null,null,null,null,null,null,null,null,null,null,null,null,null,null,null,null,null,null,null,null,null,null,null,null,null,null,null,null,null,null,null,null,null,null,null,null,null,null,null,null,null,null,null,null,null,null,null,null,null,null,null,null,null,null,null,null,0.9766111817,0.7783818583,0.8650510245,0.7716163255,0.7825703305,0.8263419235,0.745350465,0.7439226196,0.7112734487,0.6993710972,0.762930262,0.6620873725,0.6978176128,0.6782542538,0.6964920821,0.6754716871,0.6762004552,0.597288971,0.5098295618,0.6137270844,0.5900455626,0.6497279565,0.7594885405,0.7261983947,0.818161749,0.8116694383,0.8035758255,0.8311975259,0.8335437789,0.8787932803,0.8317397585,0.7939249047,0.8152133663,0.7175567709,0.706150551,0.7344056048,0.6797200208,0.6209149971,0.657789516,0.5671593943,0.5260210993,0.6259375062,0.6051896633,0.5340740324,0.483221858,0.5101762182,0.5155283697,0.5690478082,0.3904879856,0.4099385565]},"global_scores_norm":{},"global_scores":{"solvation":0.3386392921,"ss_agreement":-0.1315276589,"ss_agreement_norm":0.5722526577,"qmean4_norm":0.6603640867,"cbeta_norm":-0.001189505,"cbeta":-1.7271435386,"all_atom_norm":-0.0527701814,"qmean6_norm":0.599860202,"all_atom":0.8862966651,"torsion_norm":0.0231857574,"QMEAN4":-1.2631721869,"solvation_norm":-0.8515530932,"acc_agreement_norm":0.44,"acc_agreement":-2.8286778545,"qmean6":-1.6444434227,"torsion":-1.240931555}},"chain":"A","assembly_id":1,"seq_id":12.2448978424,"SPDBV":null,"pdb_id":"4xq1","score":0.2807950974,"MODELLER":null,"method":"X-RAY DIFFRACTION","description":"Bacteriohemerythrin","seq_sim":0.2489754409,"tpl_seq":"----------------------------------------------------------------------------------------------------------------------------------------------------------------------IFDMVNKLHDTAAT-GNRSEIGKQLDALIDYVVMHFKSEETEMQKKGYADFAA------------------------","oligo_state":"monomer","coverage":0.2041666657,"offset":24,"found_by":"HHblits","endtime":"11-07-17 (19:37:49)","mod_engine":["ProMod3"],"title":"Modelling","ProMod3":{"version":"1.0.2"},"starttime":"11-07-17 (19:37:27)","resolution":1.3999999762}}