{"modelling":{"comment":"p_value=0.018, score=23, e_value=220, ss_score=9.9, prob=17.8","short_method":"EM","pred_lddt":0.1720000058,"trg_seq":"MASCCDNNCAIEKLRERQRGTLKAVLAVNTVMFVVIAGAAFYGRSTALLSDSLDNLGDALTYGLSLYAVSQGANTKAKVALFKGGLIFIGACVVLVQIIQRLIVP-AL------PSYEIM-GIFSLAGLLANSLCLFLLWKHRNEDINMSSVWECSRNDIASNLSVFIAAGAVWFFESGWADIFVASCLVILLLSSSFRVIRSALKELKESFS","ProMod":null,"id":"7b0523042a49af0be1b9ad73158eb31824c9102c","QMean":{"local_scores":{"A":[null,null,null,null,null,null,null,null,null,null,null,null,null,null,null,null,null,null,null,null,null,null,null,null,null,null,null,null,null,null,null,null,null,null,null,null,null,null,null,null,null,null,null,null,null,null,null,null,null,null,null,null,null,null,null,null,null,null,null,null,null,null,null,null,null,null,null,null,null,null,null,null,null,null,null,null,null,null,null,null,null,null,0.6691532906,0.6191252995,0.6135181349,0.5475762321,0.5547540224,0.5457818507,0.582039107,0.7189491896,0.7042143866,0.7948137147,0.6935868347,0.7169454546,0.7054485195,0.7409683899,0.6908266984,0.6821718289,0.6714362562,0.6635499917,0.6083624085,0.6308363706,0.5820695948,0.61899118,0.631668411,0.6326472563,0.5354215799,0.6109869069,0.6276474165,0.5423161511,0.5488094782,0.5084290318,0.5136366299,0.6176172201,0.4596558677,0.4555768461,0.5984612612,0.5376629281,0.6378186038,0.5541642659,0.4372968508,0.4130100572,0.519555991,0.559674897,0.615995078,0.5472393967,0.6394623365,0.6031973098,0.5590969606,0.606428542,0.6163223905,0.5371588527,0.6283273246,0.5757169014,0.5653324257,0.6186516462,0.5877953769,0.5315849082,0.4396695456,0.5050063084,0.4991326539,0.5754681204,0.6273482283,0.5991218942,0.5180148709,0.5991700252,0.6143981013,0.5989279025,0.5378641514,0.6168870837,0.6095224819,0.5505290271,0.6487929582,0.6254762031,0.5872411506,0.5792489646,0.6468467467,0.5997173896,0.5029927772,0.5625644419,0.6314034999,0.6213911362,0.6122095663,0.5945204836,0.5529501064,0.4387038843,0.3945324014]},"global_scores_norm":{},"global_scores":{"solvation":-0.9200986297,"ss_agreement":-1.394330228,"ss_agreement_norm":0.427643939,"qmean4_norm":0.5707432498,"cbeta_norm":0.0164950869,"cbeta":-3.8013563544,"all_atom_norm":-0.0203861728,"qmean6_norm":0.4769758215,"all_atom":-0.8686920988,"torsion_norm":0.0735914803,"QMEAN4":-3.6114915844,"solvation_norm":-0.6289287737,"acc_agreement_norm":0.2588235294,"acc_agreement":-5.1364290595,"qmean6":-4.6921082559,"torsion":-2.4234101962}},"chain":"A","assembly_id":1,"seq_id":12.5,"SPDBV":null,"pdb_id":"5sv9","score":0.5266367793,"MODELLER":null,"method":"ELECTRON MICROSCOPY","description":"Bor1p boron transporter","seq_sim":0.2341712266,"tpl_seq":"----------------------------------------------------------------------------------CDIFGLFINVVYIQKGIQILTRQFHNTSGEKSVQDGFASVVVALV----MTAFGLFFKSFHH-YPLFTHKIRTFISDYSTALSVLFWSSFTHF--------------------------------------","oligo_state":"homo-dimer","coverage":0.3902438879,"offset":139,"found_by":"HHblits","endtime":"11-07-17 (23:08:07)","mod_engine":["ProMod3"],"title":"Modelling","ProMod3":{"version":"1.0.2"},"starttime":"11-07-17 (23:07:34)","resolution":0.0}}