{"modelling":{"comment":"p_value=0.00099, score=31.3, e_value=15, ss_score=5, prob=44","short_method":"X-ray","pred_lddt":0.0649999976,"trg_seq":"MNIIEFKSRFIELLGNVAKGVIFEHRFFELPSEQKPWFDTG----LDIEAGDNFTSFAAGQTQFKDLPITLEPNFQLWFRIGQDGEIFRGTRDSHSFTVAQSGRLYLGSYFPGEWSSKTGELATPDEVYDMVTGNLAVLLIRWQDDTLDGLKSLAENGDADNLIAMEIDRLVSPVITPEGWEYLWFTGPAEIYQSRELPAKESAICCHTHNDGGLLIKSISLPFKPNTRLRWSWKMDVLPSSVREDTLPTHDYLSIAVEFDNGQDITYYWSAELPPETVYRCPIPTWTARETHVVIRSGQQGLGEWFNEDRDVYQDYINAIGGAMPGNIVKVWLIAVSLFQHEEGVCQYADISFLNDDRVVPVQ","ProMod":null,"id":"2f7bc0fd51ff758204c69ebb49e726ac1902caa4","QMean":{"local_scores":{"A":[null,null,null,null,null,null,null,null,null,null,null,null,null,null,null,null,null,null,null,0.3623708247,0.3893521077,0.3755115832,0.3924379418,0.4731879777,0.4528639952,0.4674823712,0.4622338512,0.4466537354,0.4775390193,0.3906209698,0.426046436,0.4878361108,0.5109647231,0.5073903194,0.4994201145,0.4859573241,0.4074873185,0.3809665896,0.4348034539,0.4120061189,0.430258181,0.3840727928,0.4174733003,0.3959778523,0.4592484404,0.555137288,0.5801454445,0.4295816245,0.441691291,0.3546235831,0.4220999361,0.3656092107,0.2480089357,0.4185877936,0.4062279931,0.4147974308,0.3916913269,0.4175085949,0.4521559465,0.3818839903,0.4801289564,0.4847272111,0.3921547113,0.4009587392,0.2911743417,0.3977272643,0.4111410588,0.4899053304,0.5018593252,0.5276545268,0.4234268187,0.484023409,0.3972383991,0.3137223565,0.2708863839,0.3533412918,0.3122111886,0.4788372512,0.4353769366,0.3600127094,0.3079135791,0.2502553227,0.1299076454]},"global_scores_norm":{},"global_scores":{"solvation":-2.0898584448,"ss_agreement":-2.7748732378,"ss_agreement_norm":-0.0902310906,"qmean4_norm":0.4838963422,"cbeta_norm":0.0069410936,"cbeta":-2.3168382936,"all_atom_norm":-0.0062943823,"qmean6_norm":0.3598641289,"all_atom":-1.6205161346,"torsion_norm":0.2911686903,"QMEAN4":-4.444988838,"solvation_norm":-0.4229384489,"acc_agreement_norm":0.375,"acc_agreement":-3.6058496904,"qmean6":-5.2998842005,"torsion":-3.3231865996}},"chain":"A","assembly_id":1,"seq_id":15.517241478,"SPDBV":null,"pdb_id":"4bz4","score":0.2375813872,"MODELLER":null,"method":"X-RAY DIFFRACTION","description":"COPPER-REPRESSIBLE POLYPEPTIDE","seq_sim":0.3034499884,"tpl_seq":"-------------------MTVRAYSWYNLSMGYLGWTHHSNWGFVKLKKGKPVTIALTTEVS------GLHPSITVWYRAGAKNPK-------------------------------------------------------------------------------------------------------------------------------------------------------------------------------------------------------------------------------------------------------------------------------------","oligo_state":"monomer","coverage":0.1611111164,"offset":44,"found_by":"HHblits","endtime":"14-07-17 (21:50:10)","mod_engine":["ProMod3"],"title":"Modelling","ProMod3":{"version":"1.0.2"},"starttime":"14-07-17 (21:49:44)","resolution":1.6000000238}}