{"modelling":{"comment":"p_value=8e-36, score=194.7, e_value=9.4e-32, ss_score=12.7, prob=100","short_method":"X-ray","pred_lddt":0.7699999809,"trg_seq":"MALTKADFAERLFDELGLNKREAKDMVEMFFEEIKGSLEHGE--------------------------------------------------------QVKISGFGKFELRDKSSRPGRNPKTGEEIPITARRVVTFRSGQKLKARVEAYAGAE","ProMod":null,"id":"313931edfbba0b429a250e24190ba6ff7ebc80be","QMean":{"local_scores":{"A":[0.4444964975,0.6546836334,0.6260150663,0.7610930822,0.7490920032,0.8618099968,0.8105373383,0.8092568983,0.8981857082,0.7844931758,0.7639574156,0.8155113552,0.782490723,0.8309589004,0.7880437335,0.7768353576,0.8864995556,0.7874718953,0.8529854071,0.7866568252,0.7654567777,0.799336141,0.9009896549,0.8214448839,0.8680159791,0.8498814675,0.8694790644,0.7817128264,0.8055093218,0.7535832249,0.6761600527,0.7194388568,0.7092854036,0.6316725562,0.6633524547,0.7690313742,0.6663688374,0.5880682751,0.6596642276,0.6343840695,0.6558784451,0.5517772835,0.4634212078,0.4958265825,0.5121012194,0.5445733682,0.607332597,0.7054809055,0.5962133464,0.6878364852,0.7011011493,0.697585442,0.7723502381,0.7914106148,0.7675719123,0.7389006642,0.6678261017,0.6026529819,0.5734103203,0.5287114139,0.6902997072,0.743154723,0.7184510884,0.8186518288,0.8673641038,0.8141592421,0.9297006861,1.0,0.7960552946,0.7615044788,0.6450954789,0.704437687,0.550645107,0.5590810727,0.6224806021,0.5747106512,0.6755887729,0.7711957346,0.8113780845,0.8270651969,0.6859275697,0.6538695566,0.6557312028,0.7036311482,0.6192225643,0.6480749068,0.619653845,0.6236624684,0.6333242251,0.590537382,0.6064109583,0.5113819581,0.5019960728,0.1155794266,0.3305948009]},"global_scores_norm":{},"global_scores":{"solvation":-0.2810933167,"ss_agreement":0.0367577589,"ss_agreement_norm":0.704064472,"qmean4_norm":0.708205036,"cbeta_norm":-0.0083018931,"cbeta":-0.9959096213,"all_atom_norm":-0.025726553,"qmean6_norm":0.7145803736,"all_atom":-0.2931172987,"torsion_norm":-0.1571394653,"QMEAN4":-1.6036281139,"solvation_norm":-0.6999498636,"acc_agreement_norm":0.6315789474,"acc_agreement":-0.1112222838,"qmean6":-1.2237673402,"torsion":-1.3003646011}},"chain":"D","assembly_id":1,"seq_id":48.4210510254,"SPDBV":null,"pdb_id":"2iie","score":1.6994721889,"MODELLER":null,"method":"X-RAY DIFFRACTION","description":"Integration host factor","seq_sim":0.4386002421,"tpl_seq":"GGLTKAEMSEYLFDKLGLSKRDAKELVELFFEEIRRALENGEQVKLSGFGNFDLRDKNQRPGRNPKTGEDIPITARRVVTFRPGQKLKSRVENAGGGERIEIRGFGSFSLHYRAPRTGRNPKTGDKVELEGKYVPHFKPGKELRDRANIYG---","oligo_state":"monomer","coverage":0.9693877697,"offset":44,"found_by":"HHblits","endtime":"11-07-17 (19:48:46)","mod_engine":["ProMod3"],"title":"Modelling","ProMod3":{"version":"1.0.2"},"starttime":"11-07-17 (19:48:22)","resolution":2.4100000858}}