{"modelling":{"comment":"p_value=0.0017, score=28.4, e_value=15, ss_score=3.5, prob=26.7","short_method":"X-ray","pred_lddt":0.0489999987,"trg_seq":"MNIIEFKSRFIELLGNVAKGVIFEHRFFELPSEQKPWFDTGLDIEAGDNFTSFAAGQTQFKDLPITLEPNFQLWFRIGQDGEIFRGTRDSHSFTVAQSGRLYLGSYFPGEWSSKTGELATPDEVYDMVTGNLAVLLIRWQDDTLDGLKSLAENGDADNLIAMEIDRLVSPVI-TPEGWEYLWFTGPAEIYQSRELPAKESAICCHTHNDGGLLIKSISLPFKPNTRLRWSWKMDVLPSSVREDTLPTHDYLSIAVEFDNGQDITYYWSAELPPETVYRCPIPTWTARETHVVIRSGQQGLGEWFNEDRDVYQDYINAIGGAMPGNIVKVWLIAVSLFQHEEGVCQYADISFLNDDRVVPVQ","ProMod":null,"id":"5e15aef0682a38d43c5a676a3aeead09c4a3c635","QMean":{"local_scores":{"A":[null,null,null,null,null,null,null,null,null,null,null,null,null,null,null,null,null,null,null,null,null,null,null,null,null,null,null,null,null,null,null,null,null,null,null,null,null,null,null,null,null,null,null,null,null,null,null,null,null,null,null,null,null,null,null,null,null,null,null,null,null,null,null,null,null,null,null,null,null,null,null,null,null,null,null,null,null,null,null,null,null,null,null,null,null,null,null,null,null,null,null,null,null,null,null,null,null,null,null,null,null,null,null,null,null,null,null,null,null,null,null,null,null,null,null,null,null,null,null,null,null,null,null,null,null,null,null,null,null,null,null,null,null,null,null,null,null,null,null,null,null,null,null,null,null,null,null,null,null,0.2297244609,0.2226165215,0.3323587778,0.4502275812,0.5326113906,0.5021162197,0.5998086025,0.661272053,0.688356796,0.6901295379,0.7238284567,0.846112741,0.7679362389,0.7251242624,0.713006881,0.723811018,0.610105578,0.5859234536,0.5870139463,0.5852089459,0.5248369158,0.4382165941,0.3203583703,0.4191251899,0.4920082532,0.4875674964,0.5635664122,0.5375140075,0.68977111,0.6956410172,0.7095947311,0.6708131792,0.6034809985,0.5773933441,0.4934530665,0.4416471921,0.5961756292,0.6489583373,0.6636013512,0.7050821773,0.6975386626,0.6019820369,0.4545471313,0.4504961934,0.3100621227,0.3521345429,0.438766985,0.3933198501,0.4457582236,0.5016415622,0.5857361753,0.6229572983,0.7014036919,0.6981373648,0.6187222022,0.4908470273,0.2876192771,0.2133080219,0.059195529,0.2671315626,0.1470226126]},"global_scores_norm":{},"global_scores":{"solvation":-1.2858954904,"ss_agreement":-1.7891996926,"ss_agreement_norm":0.2083739955,"qmean4_norm":0.4666575307,"cbeta_norm":0.0064343729,"cbeta":-2.3140773945,"all_atom_norm":-0.0221164287,"qmean6_norm":0.3739748704,"all_atom":-0.6814178448,"torsion_norm":0.400695872,"QMEAN4":-4.6622340767,"solvation_norm":-0.5529301728,"acc_agreement_norm":0.3278688525,"acc_agreement":-4.0731306054,"qmean6":-5.2404468291,"torsion":-3.8431043}},"chain":"A","assembly_id":1,"seq_id":8.196721077,"SPDBV":null,"pdb_id":"5brl","score":0.229865998,"MODELLER":null,"method":"X-RAY DIFFRACTION","description":"StAR-related lipid transfer protein 4","seq_sim":0.2382589281,"tpl_seq":"-----------------------------------------------------------------------------------------------------------------------------------------------------LEGLSDVASISTKLQNTLIQYHSIKEDEWRVAKKVKDVTVWRKPSEEFNGYLYKAQGVMDDV------------------------------------------------------------------------------------------------------------------------------------------------------","oligo_state":"monomer","coverage":0.1694444418,"offset":4,"found_by":"HHblits","endtime":"14-07-17 (21:50:04)","mod_engine":["ProMod3"],"title":"Modelling","ProMod3":{"version":"1.0.2"},"starttime":"14-07-17 (21:49:44)","resolution":2.003000021}}