{"modelling":{"comment":"p_value=0.0034, score=25.8, e_value=33, ss_score=7.5, prob=40.5","short_method":"EM","pred_lddt":0.2949999869,"trg_seq":"MNIFKKILATVAMAAMTSSAFAVANPSYEDVKAAIDNTLAKVEEAKAALDNGANNEAVIDLVTD-------ARQLQKDIA--NNVLDLKRNQASNVLKQARAALQSNEPQSAKESLTDALNRYKEIKQLYASNH","ProMod":null,"id":"ab14ffdf52be85f3a4b1a07401fd9d2c86694f1f","QMean":{"local_scores":{"A":[null,null,null,null,null,null,null,null,null,null,null,null,null,null,null,null,null,null,null,null,null,null,null,null,null,null,null,null,null,null,null,0.4155299882,0.4900885305,0.4376994924,0.4392617479,0.6259521882,0.6333893917,0.6818310915,0.6694030349,0.8073951324,0.7224189897,0.6659627565,0.6335718942,0.6728915768,0.6531538973,0.5183647656,0.5326326539,0.4151955794,0.3374824001,0.3263109502,0.3969171753,0.5171270199,0.4550981779,0.4259073497,0.4314631145,0.4045030964,0.3762481287,0.3011889936,0.172133137,0.0606546805,0.0811627789,0.2211553501,0.3842310565,0.4239707607,0.490137248,0.4958228921,0.5601026275,0.4833549671,0.4823339419,0.5372533324,0.5881001087,0.4382447366,0.48073598,0.3250597302,0.3009534951,0.3036856945,0.2052420777,0.2450349681,0.0754692463,0.1149299298,0.0312586853,0.11461538,0.2292307913,0.2348206573,0.2330633568,0.3624157267,0.4727615726,0.4402739462,0.5365025405,0.6016227022,0.6618449161,0.610436073,0.689597359,0.6957858191,0.6521135435,0.6226791922,0.5600719589,0.5527222195,0.4135609603,0.4914335208,0.5061975099,0.6287870826,0.6570312871,0.6436351915,0.6594444256,0.7087002758,0.6130706397,0.6828457062,0.6775065186,0.6167933351,0.3640192579]},"global_scores_norm":{},"global_scores":{"solvation":-2.4318852379,"ss_agreement":-4.645097674,"ss_agreement_norm":-0.2599699387,"qmean4_norm":0.3867967403,"cbeta_norm":0.0122533856,"cbeta":-3.378975966,"all_atom_norm":-0.0079995454,"qmean6_norm":0.2914547133,"all_atom":-2.0048225805,"torsion_norm":0.5416655468,"QMEAN4":-6.1779966042,"solvation_norm":-0.4362379684,"acc_agreement_norm":0.575,"acc_agreement":-1.0466462223,"qmean6":-7.0816123157,"torsion":-4.7803652823}},"chain":"C","assembly_id":1,"seq_id":10.9589042664,"SPDBV":null,"pdb_id":"5a5t","score":0.8110911846,"MODELLER":null,"method":"ELECTRON MICROSCOPY","description":"EUKARYOTIC TRANSLATION INITIATION FACTOR 3 SUBUNIT E","seq_sim":0.256624639,"tpl_seq":"-------------------------------RTTVVAQLKQLQAETEPIVKMFEDPETTRQMQSTRDGRMLFDYLADKHGFRQEYLD-------TLYRYAKFQYECGNYSGAAEYLYFFR--------------","oligo_state":"hetero-oligomer","coverage":0.5839999914,"offset":73,"found_by":"HHblits","endtime":"11-07-17 (19:46:25)","mod_engine":["ProMod3"],"title":"Modelling","ProMod3":{"version":"1.0.2"},"starttime":"11-07-17 (19:45:57)","resolution":6.0}}