{"modelling":{"comment":"p_value=0.01, score=20.1, e_value=87, ss_score=4.8, prob=13.1","short_method":"X-ray","pred_lddt":0.0320000015,"trg_seq":"MNIIEFKSRFIELLGNVAKGVIFEHRFFELPSEQKPWFDTGLDIEAGDNFTSFAAGQTQFKDLPITLEPNFQLWFRIGQDGEIFRGTRDSHSFTVAQSGRLYLGSYFPGEWSSKTGELATPDEVYDMVTGNLAVLLIRWQDDTLDGLKSLAENGDADNLIAMEIDRLVSPVITPEGWEYLWFTGPAEIYQSRELPAKESAICCHTHNDGGLLIKSISLPFKPNTRLRWSWKMDVLPSSVREDTLPTHDYLSIAVEFDNGQDITYYWSAELPPETVYRCPIPTWTARETHVVIRSGQQGLGEWFNEDRDVYQDYINAIGGAMPGNIVKVWLIAVSLFQHEEGVCQYADISFLNDDRVVPVQ","ProMod":null,"id":"d4489b1bc44dea675ad35ca3fc5f6f90b2b1ef61","QMean":{"local_scores":{"A":[null,null,null,null,null,null,null,null,null,null,null,null,null,null,null,null,null,null,null,null,null,null,null,null,null,null,null,null,null,null,null,null,null,null,null,null,null,null,null,null,null,null,null,null,null,null,null,null,null,null,null,null,null,null,null,null,null,null,null,null,null,null,null,null,null,null,null,null,null,null,null,null,null,null,null,null,null,null,null,null,null,null,null,null,null,null,null,null,null,null,null,null,null,null,null,null,null,null,null,null,null,null,null,null,null,null,null,null,null,null,null,null,null,null,null,null,null,null,null,null,null,null,null,null,null,null,null,null,null,null,null,null,null,null,0.2668597862,0.1316108718,0.2291525685,0.284694246,0.3912748253,0.5033910626,0.5448407217,0.5965319316,0.6226976714,0.6074006358,0.6840737391,0.7716841705,0.6928202441,0.7327654442,0.774534778,0.688688361,0.7469467176,0.7488575557,0.8079777607,0.8256859861,0.6802961024,0.710164915,0.7193912923,0.6955937997,0.6833447204,0.6870858634,0.7854815414,0.7291678239,0.7056783865,0.6508642546,0.6768846495,0.5703045109,0.511365566,0.4707875858,0.4746107426,0.3914982702,0.4750102523,0.4682979333,0.627263706,0.6007109878,0.4906262262,0.4319477571,0.3267914627]},"global_scores_norm":{},"global_scores":{"solvation":0.1469384833,"ss_agreement":-1.2597797676,"ss_agreement_norm":0.14807364,"qmean4_norm":0.6040808408,"cbeta_norm":0.0157879527,"cbeta":-2.6658569137,"all_atom_norm":-0.0293375594,"qmean6_norm":0.4775553161,"all_atom":-0.4050689098,"torsion_norm":0.036398779,"QMEAN4":-1.5786158243,"solvation_norm":-0.7808086196,"acc_agreement_norm":0.3488372093,"acc_agreement":-3.1882493688,"qmean6":-2.20858759,"torsion":-1.1559934861}},"chain":"A","assembly_id":1,"seq_id":16.2790699005,"SPDBV":null,"pdb_id":"4ls4","score":0.165718928,"MODELLER":null,"method":"X-RAY DIFFRACTION","description":"Uncharacterized protein, Toxin","seq_sim":0.2558138967,"tpl_seq":"--------------------------------------------------------------------------------------------------------------------------------------LKLNLKKSFQKDFDKLLLNGFDDSVLNEVILTLRKKEPLDPQF---------------------------------------------------------------------------------------------------------------------------------------------------------------------------------------","oligo_state":"monomer","coverage":0.1194444448,"offset":4,"found_by":"HHblits","endtime":"14-07-17 (21:50:04)","mod_engine":["ProMod3"],"title":"Modelling","ProMod3":{"version":"1.0.2"},"starttime":"14-07-17 (21:49:44)","resolution":1.6599999666}}