{"modelling":{"comment":"p_value=3.9e-37, score=208.3, e_value=4.7e-33, ss_score=5.1, prob=100","short_method":"X-ray","pred_lddt":0.3630000055,"trg_seq":"MQQLTLKTSYILPLAIAGMLATGPALADKPSWGGHDKAEKHERQDKQSHDRDRDDRSFHQRDEHDFRGQRYFDDRHRVVIHDYYVEQFRTGHCPPGLAKKHNGCVPPGQAKKWQIGYPLPRDVIYYDLPPAIVMQLGPPQPGYRYARVDSDILLIAIGTGLVVDAILGLSGN","ProMod":null,"id":"87f2f22cc1786af8f5dab9574144b4cd6c7f2aa5","QMean":{"local_scores":{"A":[null,null,null,null,null,null,null,null,null,null,null,null,null,null,null,null,null,null,null,null,null,null,null,null,null,null,null,null,null,null,null,null,null,null,null,null,null,null,null,null,null,null,null,null,null,null,null,null,null,null,null,null,null,null,null,null,null,null,null,null,null,null,null,0.3419585146,0.4654828905,0.410136145,0.4961829281,0.5914975444,0.5548498213,0.5639371117,0.5269812008,0.5735740283,0.6150336788,0.6141177853,0.6251325129,0.6095086065,0.5897249527,0.5736433611,0.5828953651,0.5005523064,0.4397813382,0.4527712504,0.3403061962,0.3577018635,0.5140014867,0.5390587389,0.5977082022,0.6253634687,0.6605243179,0.6934043475,0.7154507773,0.6212216203,0.6442573913,0.6344122612,0.6119757314,0.5985376009,0.5591942355,0.6595563481,0.562434739,0.5749866858,0.5723223745,0.6541650888,0.817193602,0.7441198297,0.6908005685,0.6372692694,0.6543781566,0.6335909686,0.6121383242,0.6962509031,0.6123637685,0.645113303,0.6204991444,0.6569271677,0.6299530988,0.7597039076,0.652385385,0.8706489965,0.715813357,0.6832608145,0.5208519556,0.4447746685,0.5736853975,0.5580927837,0.6899272149,0.715194168,0.7461608942,0.7364022741,0.7515977498,0.7596317943,0.7037428963,0.6263521577,0.716998705,0.6756822335,0.6615162463,0.6870974976,0.7666612249,0.7369836851,0.7618102424,0.7463469242,0.7930768521,0.8175269468,0.788226554,0.7362016827,0.7783247701,0.8192878015,0.7261192421,0.7680338416,0.7335177452,0.739733219,0.7556985226,0.7252344911,0.7641838995,0.7740948229,0.7683193867,0.8476861863,0.6746763336,0.7256026498,0.7356379372,0.8166762436,0.7847547726,0.7853117387,0.7607034925,0.717323134,0.7229255995,0.6610694622,0.6450659646,0.701206791,0.6433611988,0.6541346365,0.6630551565]},"global_scores_norm":{},"global_scores":{"solvation":-0.8355299145,"ss_agreement":-2.8529106431,"ss_agreement_norm":0.1294775275,"qmean4_norm":0.738740353,"cbeta_norm":-0.0019114546,"cbeta":-1.8130918622,"all_atom_norm":-0.0075952441,"qmean6_norm":0.6431752284,"all_atom":-2.2122622896,"torsion_norm":-0.3240194475,"QMEAN4":-1.038795377,"solvation_norm":-0.6268701902,"acc_agreement_norm":0.5462962963,"acc_agreement":-1.3117327424,"qmean6":-2.447676567,"torsion":-0.2362469797}},"chain":"B","assembly_id":1,"seq_id":26.0869560242,"SPDBV":null,"pdb_id":"4ew5","score":0.8081917763,"MODELLER":null,"method":"X-RAY DIFFRACTION","description":"CigR Protein","seq_sim":0.3224609196,"tpl_seq":"---------------------------------------------------------------DHVESDISYAVA-RQLAVNLGLTGY--------------QSLPPGIAKNLARGKPLPPGIAKKTVPASMLGQLPYY-PGYEWKIVGDNLVLIALSTAVVTAIINGVFD-","oligo_state":"homo-dimer","coverage":0.5348837376,"offset":8,"found_by":"HHblits","endtime":"14-07-17 (21:38:09)","mod_engine":["ProMod3"],"title":"Modelling","ProMod3":{"version":"1.0.2"},"starttime":"14-07-17 (21:37:22)","resolution":1.8700000048}}