{"modelling":{"comment":"p_value=9.6e-05, score=33.6, e_value=1.2, ss_score=1.2, prob=60.9","short_method":"X-ray","pred_lddt":0.1790000051,"trg_seq":"MIIKTFPITEQLILNALKLAQQLHQELSQEADALKKTQQTELINNIAANKKQLVVQLEQFNTQITQVLATEKLPNDQDSIREYFKRAETAGLLTNESIGNWAQLMLVCAECRNLNEQNGAGIDLLSRHTKRSLDILKGKPAFANTYGADGSTQSDRHSHTLISV","ProMod":null,"id":"cb767bc655c2d2f83939d252603eacdb04c47006","QMean":{"local_scores":{"A":[null,null,null,null,null,null,null,null,null,null,null,null,null,null,null,null,null,null,null,null,null,null,null,null,null,null,null,null,null,null,null,null,null,null,null,null,null,null,null,null,null,null,null,null,null,null,null,0.5416161534,0.6166261133,0.6051355434,0.6145433088,0.6396177953,0.6132063583,0.629822909,0.6470747796,0.6627427629,0.6867016956,0.7293422008,0.7346438848,0.7672181431,0.8340369089,0.8859940633,0.79631815,0.7900555773,0.8519666415,0.7892029773,0.8283753984,0.7188511266,0.7829706628,0.7639573386,0.6862443562,0.6821578449,0.6278494077,0.5834393501,0.5595962201,0.546244218,0.4677785429,0.3622889653,0.2233428096,0.1950772843,0.1740684582,0.2239720052,0.1633504286,0.1381867305,0.3157383206,0.4210664813,0.5968195934,0.3903269636,0.367396983,0.497254805,0.4781647843,0.4742357132,0.4725787679,0.6311215752,0.6258567018,0.6547446063,0.6829555106,0.5824086225,0.732734195,0.6601193389,0.5490508294,0.6093488146,0.5478205404,0.472496944,0.3826205332,0.3206303225,0.3090205928,0.364546361,0.2531733821,0.2162464772,0.4326962718,0.3451085531,0.3865748408,0.2956634232,0.315843457,0.3353882188,0.4027938318,0.4140393409,0.4494511936,0.458232188,0.3725056184,0.3534525153,0.3944345845,0.3766220931,0.3479244671,0.1297115775]},"global_scores_norm":{},"global_scores":{"solvation":-1.2880956474,"ss_agreement":-5.2989460467,"ss_agreement_norm":-0.4270336803,"qmean4_norm":0.5145059842,"cbeta_norm":0.016366404,"cbeta":-3.759964518,"all_atom_norm":-0.0077340582,"qmean6_norm":0.3686486416,"all_atom":-1.941956419,"torsion_norm":0.2001967315,"QMEAN4":-4.136277836,"solvation_norm":-0.5884379314,"acc_agreement_norm":0.5569620253,"acc_agreement":-1.308123894,"qmean6":-5.8166212914,"torsion":-2.836555986}},"chain":"A","assembly_id":1,"seq_id":16.216217041,"SPDBV":null,"pdb_id":"1k4n","score":0.6384576559,"MODELLER":null,"method":"X-RAY DIFFRACTION","description":"Protein EC4020","seq_sim":0.2711729705,"tpl_seq":"-----------------------------------------------DELQDIASDLPRFIHALDELSRRLGLNITPLTADHI-----SLRCHQNATAERWRRGFEQCGELLSENMINGRPICLFK--------------------------------------","oligo_state":"monomer","coverage":0.4512194991,"offset":11,"found_by":"HHblits","endtime":"14-07-17 (21:37:11)","mod_engine":["ProMod3"],"title":"Modelling","ProMod3":{"version":"1.0.2"},"starttime":"14-07-17 (21:36:49)","resolution":1.6000000238}}