{"modelling":{"comment":"e_value=1.57076e-13, bit_score=66.6254, score=161","short_method":"X-ray","pred_lddt":0.503000021,"trg_seq":"MNETENLSERAIDLQELLASQQTLLLSTASSSCVPDLSYAPFVRDQAGCFYIFVSELAGHTANLLNNPQ-ASVMFIRPESETRNLFARERAVFNCSVKELDCDEPTYAAQLMALQDKF-----GEV-VSVLRSLSDFHLFALCPESGRYVAGFGRAYTINVEDGTLSPFAKKQG","ProMod":null,"id":"78cf98b43ceb2d3646013c79e399ce40c3e39de6","QMean":{"local_scores":{"A":[null,null,null,null,null,null,null,null,null,null,null,null,null,null,null,null,null,null,null,null,null,null,null,null,null,null,null,null,null,null,null,null,null,null,null,null,null,0.4203101314,0.4116472313,0.7341045852,0.765459694,0.7589428065,0.7565987835,0.6487956618,0.6469578784,0.6118636692,0.616681924,0.718338944,0.728791735,0.7410487404,0.8080553826,0.7912846626,0.7784499924,0.7664152086,0.7127143301,0.6069049014,0.4903314345,0.5944954968,0.6173339817,0.6278951794,0.7007716821,0.7151311383,0.6987042238,0.693502134,0.6837972217,0.7128675,0.7502433553,0.7752421912,0.7673631551,0.803716169,0.797719071,0.8004485892,0.8100163667,0.789028514,0.7119118058,0.6909507149,0.7277136622,0.635165645,0.6947569187,0.6366411229,0.6718559639,0.580911157,0.6019855647,0.5861433828,0.5306126177,0.6778159962,0.6380308422,0.6955246526,0.7450722023,0.8699460682,0.8417709266,0.8102734485,0.7779935947,0.822760883,0.8072846,0.8063093964,0.7955883811,0.7998823412,0.7906859855,0.7590012879,0.8066940025,0.7145157959,0.7427898472,0.899677479,0.8242700762,0.7425076884,0.8301337081,0.8227585345,0.732540489,0.7453372803,0.6744869031,0.7264948039,0.6795386616,0.6409237745,0.6415726204,0.5842047778,0.4716989799,0.4852987019,0.410625638,0.4248794141,0.5545457642,0.5993803692,0.5890780914,0.6228266647,0.614936214,0.6861620608,0.6508941481,0.7266255857,0.6911625474,0.7136838673,0.7716655203,0.820180324,0.8185747937,0.8870181487,0.8100489289,0.8021840957,0.8332403447,0.7475001608,0.7728938242,0.865928535,0.7776771179,0.8085886244,0.7680296813,0.7632688811,0.7018550609,0.4753662346,0.5227517698,0.6138318023,0.7623572462,0.7119352411,0.7497679197,0.6474229568,0.6635179915,0.6491045385,0.5928022465,0.5941111463,0.6433605374,0.5720496862,0.5872675038,0.6523598861]},"global_scores_norm":{},"global_scores":{"solvation":-0.9856054424,"ss_agreement":0.2284323395,"ss_agreement_norm":0.7257655304,"qmean4_norm":0.6823593847,"cbeta_norm":-0.0054522852,"cbeta":-1.4069025484,"all_atom_norm":-0.0225040522,"qmean6_norm":0.6867453803,"all_atom":-0.54474347,"torsion_norm":-0.1252032033,"QMEAN4":-1.9699960291,"solvation_norm":-0.6173349738,"acc_agreement_norm":0.5853658537,"acc_agreement":-0.6940662071,"qmean6":-1.6585217725,"torsion":-1.5081688754}},"chain":"A","assembly_id":1,"seq_id":39.1304359436,"SPDBV":null,"pdb_id":"3swj","score":1.1482070684,"MODELLER":null,"method":"X-RAY DIFFRACTION","description":"Putative uncharacterized protein","seq_sim":0.3994244337,"tpl_seq":"-------------------------------------SYAPFVSTQWGN-YIYISEVSEHFNNIKVNPNNIEIMFLEDESKAASVILRKRLRYRVNASFLERGE-----RFDQIYDEFEKQTGGEGGIKTIRKMLDFHLVKLEFKKGRFVKGFGQAYDI--ENGNVT-------","oligo_state":"monomer","coverage":0.6886227727,"offset":114,"found_by":"BLAST","endtime":"11-07-17 (23:19:12)","mod_engine":["ProMod3"],"title":"Modelling","ProMod3":{"version":"1.0.2"},"starttime":"11-07-17 (23:18:31)","resolution":2.4090001583}}