{"modelling":{"comment":"p_value=6.6e-05, score=36.7, e_value=0.9, ss_score=7, prob=86.5","short_method":"X-ray","pred_lddt":0.0949999988,"trg_seq":"MNIIEFKSRFIELLGNVAKGVIFEHRFFELPSEQKPWFDTGLDIEAGDNFTSFAAGQTQFKDLPITLEPNFQLWFRIGQDGEIFRGTR-------DSHSFT--VAQSGRLYLGSYFPGEWSSK---TGEL----ATPDEVYDMVTGNLAVLLIRWQDDTLDGLKSLAENGDADNLIAMEIDRLVSPVITPEGWEYLWFTGPAEIYQSRELPAKESAICCHTHNDGGLLIKSISLPFKPNTRLRWSWKMDVLPSSVREDTLPTHDYLSIAVEFDNGQDITYYWSAELPPETVYRCPIPTWTARETHVVIRSGQQGLGEWFNEDRDVYQDYINAIGGAMPGNIVKVWLIAVSLFQHEEGVCQYADISFLNDDRVVPVQ","ProMod":null,"id":"b852f5ee69d0720680d889fbc19e53722a849a5b","QMean":{"local_scores":{"A":[null,null,null,null,null,null,null,null,null,null,null,null,null,null,null,null,null,null,null,null,null,null,null,null,null,null,null,null,null,null,0.618668811,0.6026162815,0.5308474775,0.5048221057,0.5264047787,0.4971795074,0.4027906424,0.469014485,0.6092050473,0.6254762099,0.6334045103,0.6062770421,0.6275689727,0.5961762777,0.6138512529,0.6837650849,0.706868206,0.6569315458,0.6821253002,0.6555298081,0.6968097894,0.7166750088,0.6937817849,0.7555118981,0.7233458543,0.6360884706,0.4965290752,0.4246593856,0.3507769353,0.2118908601,0.2861196434,0.2954338523,0.2718991813,0.3099058485,0.3384140977,0.4274551945,0.41158966,0.4398261207,0.3517137514,0.3123476706,0.1596401657,0.2089991264,0.2231897247,0.1830832149,0.1434704718,0.244125671,0.3804325874,0.5681399133,0.6090793093,0.6418401615,0.565422447,0.465345584,0.4123099506,0.2871567289,0.3530333983,0.4103533271,0.4370761479,0.417591004,0.5641812727,0.5586182169,0.5059463712,0.643881287,0.6209073564,0.6656511875,0.6791037165,0.6382581983,0.5798802647,0.5824675359,0.6331215096,0.6208181206,0.690512646,0.6285147561,0.6505970705,0.6984341579,0.6979032534,0.6374316907,0.6172643259,0.6643569084,0.673121884,0.6114216829,0.623629054,0.7065869645,0.6726487939,0.6086659623,0.6122437064,0.6471414125,0.5974071962,0.6082797517,0.6236576286,0.5972485544,0.5645229163,0.5623197549,0.5476998708,0.531135199,0.4372480786,0.4961436682,0.3665601186,0.4526901521,0.4634175889,0.5022540457,0.5994778437,0.658523452,0.7420345224,0.7222025491,0.7356266697,0.7132900641,0.64126989,0.5821783845]},"global_scores_norm":{},"global_scores":{"solvation":-2.3664161746,"ss_agreement":-2.4538238948,"ss_agreement_norm":0.2063972173,"qmean4_norm":0.4659008026,"cbeta_norm":0.0134924359,"cbeta":-4.0091458202,"all_atom_norm":0.0037293265,"qmean6_norm":0.4113539935,"all_atom":-3.4965192187,"torsion_norm":0.2963916888,"QMEAN4":-6.1131499126,"solvation_norm":-0.4453681567,"acc_agreement_norm":0.462962963,"acc_agreement":-2.5599184775,"qmean6":-6.4617311586,"torsion":-4.6001711556}},"chain":"A","assembly_id":1,"seq_id":18.75,"SPDBV":null,"pdb_id":"3zyf","score":0.3904644549,"MODELLER":null,"method":"X-RAY DIFFRACTION","description":"PA-I GALACTOPHILIC LECTIN","seq_sim":0.2979198694,"tpl_seq":"------------------------------LANNEAGQVTSIIYNPGDVITIVAAGWA-------SYG-PTQKW---GPQGDREHPDQGLICHDAFCGALVMKIGNSGTIPVNTG-LFRWVAPNNVQGAITLIYNDVPGTYGNNSGSFSVNIGK------------------------------------------------------------------------------------------------------------------------------------------------------------------------------------------------------------------------------","oligo_state":"homo-dimer","coverage":0.2666666806,"offset":7,"found_by":"HHblits","endtime":"14-07-17 (21:50:50)","mod_engine":["ProMod3"],"title":"Modelling","ProMod3":{"version":"1.0.2"},"starttime":"14-07-17 (21:49:44)","resolution":1.9440000057}}