{"modelling":{"comment":"p_value=0.0023, score=26.1, e_value=26, ss_score=4.8, prob=29.5","short_method":"X-ray","pred_lddt":0.0710000023,"trg_seq":"MIKNTPLILALAFVFFTTAHAEQNSQSHESIAEAVKNYVEQNINLSGEYEMSLTPLDSRLKLPQCAEPLEVFTTTDLIKAGRTTIGVRCNAEKKWSIFTSVIIKTYQMVVVLSQPIRRGEIITRQHLAIEKREVSKLREDFVIQMEQVENKQV-TRQLDAGTILSLRNIAEPKLIKRGDKVVISTTK-SDFSIKMNGVAMMDGTKGQLISVKNQNSGRIINATVIEPGLVSVNY","ProMod":null,"id":"c8a065ba0242b9562f183775657949975784f539","QMean":{"local_scores":{"A":[null,null,null,null,null,null,null,null,null,null,null,null,null,null,null,null,null,null,null,null,null,null,null,null,null,null,null,null,null,null,null,null,null,null,null,null,null,null,null,null,null,null,null,null,null,null,null,null,null,null,null,null,null,null,null,null,null,null,null,null,null,null,null,null,null,null,null,null,null,null,null,null,null,null,null,null,null,null,null,null,null,null,null,null,null,null,null,null,null,null,null,null,null,null,null,null,null,null,null,null,null,null,null,null,null,null,null,null,null,null,null,null,null,null,null,null,null,null,null,null,null,null,null,null,null,null,null,null,null,null,null,null,null,null,null,null,null,null,null,null,null,0.4951353685,0.4969151802,0.5759520198,0.5273289675,0.6182122468,0.601263749,0.5923649877,0.5933122075,0.6015515817,0.5667090491,0.5278316703,0.4788087578,0.424233828,0.3804757765,0.4711652452,0.5002453664,0.5688937744,0.6883245295,0.6379276998,0.5854994858,0.5101867819,0.5256784054,0.5374955686,0.4571256995,0.387589387,0.3735272861,0.2656093424,0.3956547284,0.384946957,0.3399381342,0.3324043764,0.2236586669,0.3135805052,0.4613135215,0.5298547286,0.6886119892,0.571936036,0.6211221918,0.6651256196,0.7045804714,0.6873299641,0.6876021049,0.6841432386,0.5772553702,0.5169519988,0.4528135132,0.4667118987,0.4776739968,0.5705459663,0.6194133266,0.7362295647,0.7791768723,0.6504011189,0.627359199,0.6030086033]},"global_scores_norm":{},"global_scores":{"solvation":-0.6978212807,"ss_agreement":-1.1547457272,"ss_agreement_norm":0.2996060642,"qmean4_norm":0.564091371,"cbeta_norm":0.0087889844,"cbeta":-2.6066912922,"all_atom_norm":-0.0220613739,"qmean6_norm":0.5265285201,"all_atom":-0.7968562691,"torsion_norm":0.137500666,"QMEAN4":-2.7385443395,"solvation_norm":-0.6407299793,"acc_agreement_norm":0.6181818182,"acc_agreement":-0.8743673687,"qmean6":-2.7867973405,"torsion":-2.0320153518}},"chain":"A","assembly_id":1,"seq_id":12.7272729874,"SPDBV":null,"pdb_id":"3v77","score":0.3340314329,"MODELLER":null,"method":"X-RAY DIFFRACTION","description":"Putative fumarylacetoacetate isomerase\/hydrolase","seq_sim":0.2678781152,"tpl_seq":"---------------------------------------------------------------------------------------------------------------------------------------------LFPILPLIAHMSEHFSLQPGDVILTGTPAGVGPLEVGDSLSAKLSLEDNVLLTCDGV------------------------------------","oligo_state":"homo-dimer","coverage":0.237068966,"offset":165,"found_by":"HHblits","endtime":"11-07-17 (23:09:30)","mod_engine":["ProMod3"],"title":"Modelling","ProMod3":{"version":"1.0.2"},"starttime":"11-07-17 (23:09:07)","resolution":2.0999999046}}