{"modelling":{"comment":"p_value=0.00043, score=26.9, e_value=4.3, ss_score=11.9, prob=81.6","short_method":"X-ray","pred_lddt":0.4160000086,"trg_seq":"MNIFKKILATVAMAAMTSSAFAVANPSYEDVKAAIDNTLAKVEEAKAALDNGANNEAVIDLVTDARQLQKDIA----NNVLDLKRNQASNVLKQARAALQSNEPQSAKESLTDALNRYKEIKQLYASNH","ProMod":null,"id":"3a4494f1fee3016ac3464f0614a5ece80737cd66","QMean":{"local_scores":{"A":[null,null,null,null,null,null,null,null,null,null,null,null,null,null,null,null,null,null,null,null,null,null,null,0.4521343714,0.5103264227,0.6072786984,0.6012840087,0.5905658944,0.6892919524,0.7871301236,0.8158971024,0.8084175979,0.9075462649,0.9173721851,0.8486724997,0.890336864,0.8821449377,0.8920648624,0.8734507989,0.9299211835,0.8353264402,0.8929149612,0.8217798446,0.8083044432,0.906115398,0.7658109964,0.8461258947,0.8461644475,0.6903381849,0.6344036693,0.6033305001,0.705691507,0.7869365677,0.7527778226,0.8161388432,0.7661320568,0.884409192,0.8320443833,0.8002261555,0.8526634025,0.8462160156,0.8801291682,0.8828416011,0.8656306678,0.9093679572,0.7867446141,0.787515477,0.8262137925,0.7585244875,0.7598618589,0.7965014783,0.7462159012,0.6891604156,0.4471369675,0.4075489509,0.397583526,0.3622347679,0.5040946609,0.4168325837,0.4666968191,0.4258079692,0.5536311865,0.5770747928,0.6087556746,0.6586128562,0.7039238456,0.709116312,0.6305911867,0.7056339386,0.7433398163,0.8488348034,0.735174736,0.8412441283,0.8317783856,0.7555188212,0.7156184185,0.7417682638,0.673715277,0.6303262474,0.6249895687,0.5850132205,0.6081444086,0.6821062863,0.6386963775,0.6730329036,0.7591023263,0.7322747282,0.8259690445,0.8437708826,0.8936011438,0.8671476178,0.9185466178,0.82702197,0.8863774145,0.8827963037,0.8472275604,0.79455584,0.8102137523,0.7713945274,0.7418806166,0.7022862081,1.0]},"global_scores_norm":{},"global_scores":{"solvation":1.8787653731,"ss_agreement":-0.5151112566,"ss_agreement_norm":0.584414668,"qmean4_norm":0.7752916301,"cbeta_norm":-0.0198075053,"cbeta":0.59389564,"all_atom_norm":-0.0451658192,"qmean6_norm":0.7741487325,"all_atom":1.7845249882,"torsion_norm":-0.1883999162,"QMEAN4":-0.4009656651,"solvation_norm":-0.9623762167,"acc_agreement_norm":0.7575757576,"acc_agreement":1.7631305246,"qmean6":-0.2328331231,"torsion":-1.1382923383}},"chain":"A","assembly_id":1,"seq_id":13.6842107773,"SPDBV":null,"pdb_id":"1vh6","score":1.08271873,"MODELLER":null,"method":"X-RAY DIFFRACTION","description":"Flagellar protein fliS","seq_sim":0.2764938474,"tpl_seq":"-----------------------ATP-GELTLMLYNGCLKFIRLAAQAIENDD-MERKNENLIKAQNIIQELNFTLNRNI-ELSASMGAMYD-YMYRRLVQANIKNDTGMLAEVEGYVTDFRDAWK---","oligo_state":"homo-dimer","coverage":0.7599999905,"offset":19,"found_by":"HHblits","endtime":"11-07-17 (19:46:33)","mod_engine":["ProMod3"],"title":"Modelling","ProMod3":{"version":"1.0.2"},"starttime":"11-07-17 (19:45:57)","resolution":2.5}}