{"modelling":{"comment":"p_value=0.00059, score=31.1, e_value=6.9, ss_score=6.7, prob=62.6","short_method":"X-ray","pred_lddt":0.0820000023,"trg_seq":"MIKNTPLILALAFVFFTTAHAEQNSQSHESIAEAVKNYVEQNINLSGEYEMSLTPLDSRLKLPQCAEPLEVFTTTDLIKAGRTTIGVRCNAEKKWSIFTSVIIKTYQMVVVLSQPIRRGEIITRQHLAIEKREVSKLREDFVIQMEQVENKQVTRQLDAGTILSLRNIAEPKLIKRGDKVVISTTKSDFSIKMNGVAMMDGTKGQLISVKNQNSGRIINATVIEPGLVSVNY","ProMod":null,"id":"52f19e08a5f8f868b7ef41be8d95e0146b1feaaf","QMean":{"local_scores":{"A":[null,null,null,null,null,null,null,null,null,null,null,null,null,null,null,null,null,null,null,null,null,null,null,null,null,null,null,null,null,null,null,null,null,null,null,null,null,null,null,null,null,null,null,null,null,null,null,null,null,null,null,null,null,null,null,null,null,null,null,null,null,null,null,null,null,null,null,null,null,null,null,null,null,null,null,null,0.5577810205,0.4648151398,0.5063912221,0.5814517856,0.5855430292,0.6054749347,0.6680786435,0.7828024835,0.7527937576,0.8633647043,0.7952973275,0.7103310856,0.7250233854,0.6141116328,0.631972702,0.5372721549,0.5094960793,0.5607260244,0.6068683358,0.7010268455,0.7045354675,0.771986883,0.7891848284,0.7320876304,0.6492153356,0.5427801478,0.4276848425,0.4807653064,0.6612964688,0.6784686805,0.7381802233,0.7289233913,0.6950395979,0.585390921,0.6186421769,0.4869525301,0.4902387732,0.5123193373,0.5478052006,0.5782964442,0.5908415198,0.6262572543,0.7428708854,0.6073601063,0.5135737533,0.3901740366,0.3699538619,0.2974326178,0.3772172095,0.4083669119,0.3819748783,0.4602288704,0.4254604635,0.4888806017,0.4358127458,0.4137339086,0.4406091236,0.4372135281,0.4681804722,0.4567370903,0.4169798287,0.3809844405,0.4277856262,0.4683980488,0.3847044256,0.4993283175,0.4554335669,0.4872169459,0.4137368837,0.5022567817,0.4611959237,0.4595088609,0.5062410925,0.5592975062,0.5526721193,0.6066520719,0.6520023079,0.5743000854,0.4940635908,0.5338633008,0.5212047202,0.569204427,0.7008299407,0.6157362132,0.5432405161,0.4374940279,0.4703737997,0.5203717153,0.5043731658,0.5248280157,0.6050205341,0.5597478495,0.6304281396]},"global_scores_norm":{},"global_scores":{"solvation":-1.1875430738,"ss_agreement":-2.9238421141,"ss_agreement_norm":0.0996603853,"qmean4_norm":0.5296361915,"cbeta_norm":-0.0048798205,"cbeta":-1.4590814314,"all_atom_norm":-0.0072990213,"qmean6_norm":0.4722930426,"all_atom":-2.3222434661,"torsion_norm":0.2658076879,"QMEAN4":-4.5215873965,"solvation_norm":-0.5867326794,"acc_agreement_norm":0.5698924731,"acc_agreement":-0.9892849942,"qmean6":-5.0145007925,"torsion":-3.7881951214}},"chain":"A","assembly_id":1,"seq_id":16.3934421539,"SPDBV":null,"pdb_id":"3frn","score":0.3787992895,"MODELLER":null,"method":"X-RAY DIFFRACTION","description":"Flagellar protein FlgA","seq_sim":0.2852458358,"tpl_seq":"----------------------------------------------------------------------------PEKFEPQTIRVTKISKNLFSVFLRFPD-TYVTLNM---------------------LLR----------KERNVVVLKRNINVGDVIKEEDVR---------------------------------------------------------------","oligo_state":"monomer","coverage":0.2629310489,"offset":103,"found_by":"HHblits","endtime":"11-07-17 (23:09:59)","mod_engine":["ProMod3"],"title":"Modelling","ProMod3":{"version":"1.0.2"},"starttime":"11-07-17 (23:09:07)","resolution":2.0499999523}}